typ;utförande;tjocklek_mm;bredd_mm;hållfasthetsklass;sorteringsklass;längd_mm;källa
tvärsnitt;hyvlat;22;70;;;;https://www.svenskttra.se/trafakta/allmant-om-tra/kvalitet-och-sortiment/virkessortiment/
tvärsnitt;hyvlat;22;95;;;;https://www.svenskttra.se/trafakta/allmant-om-tra/kvalitet-och-sortiment/virkessortiment/
tvärsnitt;hyvlat;28;70;;;;https://www.svenskttra.se/trafakta/allmant-om-tra/kvalitet-och-sortiment/virkessortiment/
tvärsnitt;hyvlat;28;95;;;;https://www.svenskttra.se/trafakta/allmant-om-tra/kvalitet-och-sortiment/virkessortiment/
tvärsnitt;hyvlat;34;45;;;;https://www.svenskttra.se/trafakta/allmant-om-tra/kvalitet-och-sortiment/virkessortiment/
tvärsnitt;hyvlat;34;70;;;;https://www.svenskttra.se/trafakta/allmant-om-tra/kvalitet-och-sortiment/virkessortiment/
tvärsnitt;hyvlat;34;95;;;;https://www.svenskttra.se/trafakta/allmant-om-tra/kvalitet-och-sortiment/virkessortiment/
tvärsnitt;hyvlat;34;120;;;;https://www.svenskttra.se/trafakta/allmant-om-tra/kvalitet-och-sortiment/virkessortiment/
tvärsnitt;hyvlat;34;145;;;;https://www.svenskttra.se/trafakta/allmant-om-tra/kvalitet-och-sortiment/virkessortiment/
tvärsnitt;hyvlat;45;45;;;;https://www.svenskttra.se/trafakta/allmant-om-tra/kvalitet-och-sortiment/virkessortiment/
tvärsnitt;hyvlat;45;70;;;;https://www.svenskttra.se/trafakta/allmant-om-tra/kvalitet-och-sortiment/virkessortiment/
tvärsnitt;hyvlat;45;95;;;;https://www.svenskttra.se/trafakta/allmant-om-tra/kvalitet-och-sortiment/virkessortiment/
tvärsnitt;hyvlat;45;120;;;;https://www.svenskttra.se/trafakta/allmant-om-tra/kvalitet-och-sortiment/virkessortiment/
tvärsnitt;hyvlat;45;145;;;;https://www.svenskttra.se/trafakta/allmant-om-tra/kvalitet-och-sortiment/virkessortiment/
tvärsnitt;hyvlat;45;170;;;;https://www.svenskttra.se/trafakta/allmant-om-tra/kvalitet-och-sortiment/virkessortiment/
tvärsnitt;hyvlat;45;195;;;;https://www.svenskttra.se/trafakta/allmant-om-tra/kvalitet-och-sortiment/virkessortiment/
tvärsnitt;hyvlat;45;220;;;;https://www.svenskttra.se/trafakta/allmant-om-tra/kvalitet-och-sortiment/virkessortiment/
tvärsnitt;hyvlat;45;245;;;;https://www.svenskttra.se/trafakta/allmant-om-tra/kvalitet-och-sortiment/virkessortiment/
tvärsnitt;hyvlat;70;70;;;;https://www.svenskttra.se/trafakta/allmant-om-tra/kvalitet-och-sortiment/virkessortiment/
tvärsnitt;hyvlat;95;95;;;;https://www.svenskttra.se/trafakta/allmant-om-tra/kvalitet-och-sortiment/virkessortiment/
tvärsnitt;sågat;12;48;;;;https://www.svenskttra.se/trafakta/allmant-om-tra/kvalitet-och-sortiment/virkessortiment/
tvärsnitt;sågat;19;75;;;;https://www.svenskttra.se/trafakta/allmant-om-tra/kvalitet-och-sortiment/virkessortiment/
tvärsnitt;sågat;19;100;;;;https://www.svenskttra.se/trafakta/allmant-om-tra/kvalitet-och-sortiment/virkessortiment/
tvärsnitt;sågat;19;125;;;;https://www.svenskttra.se/trafakta/allmant-om-tra/kvalitet-och-sortiment/virkessortiment/
tvärsnitt;sågat;22;75;;;;https://www.svenskttra.se/trafakta/allmant-om-tra/kvalitet-och-sortiment/virkessortiment/
tvärsnitt;sågat;22;100;;;;https://www.svenskttra.se/trafakta/allmant-om-tra/kvalitet-och-sortiment/virkessortiment/
tvärsnitt;sågat;22;125;;;;https://www.svenskttra.se/trafakta/allmant-om-tra/kvalitet-och-sortiment/virkessortiment/
tvärsnitt;sågat;22;150;;;;https://www.svenskttra.se/trafakta/allmant-om-tra/kvalitet-och-sortiment/virkessortiment/
tvärsnitt;sågat;22;175;;;;https://www.svenskttra.se/trafakta/allmant-om-tra/kvalitet-och-sortiment/virkessortiment/
tvärsnitt;sågat;22;200;;;;https://www.svenskttra.se/trafakta/allmant-om-tra/kvalitet-och-sortiment/virkessortiment/
tvärsnitt;sågat;23;25;;;;https://www.svenskttra.se/trafakta/allmant-om-tra/kvalitet-och-sortiment/virkessortiment/
tvärsnitt;sågat;25;36;;;;https://www.svenskttra.se/trafakta/allmant-om-tra/kvalitet-och-sortiment/virkessortiment/
tvärsnitt;sågat;25;48;;;;https://www.svenskttra.se/trafakta/allmant-om-tra/kvalitet-och-sortiment/virkessortiment/
tvärsnitt;sågat;25;75;;;;https://www.svenskttra.se/trafakta/allmant-om-tra/kvalitet-och-sortiment/virkessortiment/
tvärsnitt;sågat;25;100;;;;https://www.svenskttra.se/trafakta/allmant-om-tra/kvalitet-och-sortiment/virkessortiment/
tvärsnitt;sågat;25;125;;;;https://www.svenskttra.se/trafakta/allmant-om-tra/kvalitet-och-sortiment/virkessortiment/
tvärsnitt;sågat;25;150;;;;https://www.svenskttra.se/trafakta/allmant-om-tra/kvalitet-och-sortiment/virkessortiment/
tvärsnitt;sågat;32;75;;;;https://www.svenskttra.se/trafakta/allmant-om-tra/kvalitet-och-sortiment/virkessortiment/
tvärsnitt;sågat;32;100;;;;https://www.svenskttra.se/trafakta/allmant-om-tra/kvalitet-och-sortiment/virkessortiment/
tvärsnitt;sågat;32;125;;;;https://www.svenskttra.se/trafakta/allmant-om-tra/kvalitet-och-sortiment/virkessortiment/
tvärsnitt;sågat;32;150;;;;https://www.svenskttra.se/trafakta/allmant-om-tra/kvalitet-och-sortiment/virkessortiment/
tvärsnitt;sågat;32;175;;;;https://www.svenskttra.se/trafakta/allmant-om-tra/kvalitet-och-sortiment/virkessortiment/
tvärsnitt;sågat;32;200;;;;https://www.svenskttra.se/trafakta/allmant-om-tra/kvalitet-och-sortiment/virkessortiment/
tvärsnitt;sågat;32;225;;;;https://www.svenskttra.se/trafakta/allmant-om-tra/kvalitet-och-sortiment/virkessortiment/
tvärsnitt;sågat;38;75;;;;https://www.svenskttra.se/trafakta/allmant-om-tra/kvalitet-och-sortiment/virkessortiment/
tvärsnitt;sågat;38;100;;;;https://www.svenskttra.se/trafakta/allmant-om-tra/kvalitet-och-sortiment/virkessortiment/
tvärsnitt;sågat;38;125;;;;https://www.svenskttra.se/trafakta/allmant-om-tra/kvalitet-och-sortiment/virkessortiment/
tvärsnitt;sågat;38;150;;;;https://www.svenskttra.se/trafakta/allmant-om-tra/kvalitet-och-sortiment/virkessortiment/
tvärsnitt;sågat;47;75;;;;https://www.svenskttra.se/trafakta/allmant-om-tra/kvalitet-och-sortiment/virkessortiment/
tvärsnitt;sågat;47;100;;;;https://www.svenskttra.se/trafakta/allmant-om-tra/kvalitet-och-sortiment/virkessortiment/
tvärsnitt;sågat;47;125;;;;https://www.svenskttra.se/trafakta/allmant-om-tra/kvalitet-och-sortiment/virkessortiment/
tvärsnitt;sågat;47;150;;;;https://www.svenskttra.se/trafakta/allmant-om-tra/kvalitet-och-sortiment/virkessortiment/
tvärsnitt;sågat;47;175;;;;https://www.svenskttra.se/trafakta/allmant-om-tra/kvalitet-och-sortiment/virkessortiment/
tvärsnitt;sågat;47;200;;;;https://www.svenskttra.se/trafakta/allmant-om-tra/kvalitet-och-sortiment/virkessortiment/
tvärsnitt;sågat;47;225;;;;https://www.svenskttra.se/trafakta/allmant-om-tra/kvalitet-och-sortiment/virkessortiment/
tvärsnitt;sågat;47;250;;;;https://www.svenskttra.se/trafakta/allmant-om-tra/kvalitet-och-sortiment/virkessortiment/
tvärsnitt;sågat;50;75;;;;https://www.svenskttra.se/trafakta/allmant-om-tra/kvalitet-och-sortiment/virkessortiment/
tvärsnitt;sågat;50;100;;;;https://www.svenskttra.se/trafakta/allmant-om-tra/kvalitet-och-sortiment/virkessortiment/
tvärsnitt;sågat;50;125;;;;https://www.svenskttra.se/trafakta/allmant-om-tra/kvalitet-och-sortiment/virkessortiment/
tvärsnitt;sågat;50;150;;;;https://www.svenskttra.se/trafakta/allmant-om-tra/kvalitet-och-sortiment/virkessortiment/
tvärsnitt;sågat;50;175;;;;https://www.svenskttra.se/trafakta/allmant-om-tra/kvalitet-och-sortiment/virkessortiment/
tvärsnitt;sågat;50;200;;;;https://www.svenskttra.se/trafakta/allmant-om-tra/kvalitet-och-sortiment/virkessortiment/
tvärsnitt;sågat;50;225;;;;https://www.svenskttra.se/trafakta/allmant-om-tra/kvalitet-och-sortiment/virkessortiment/
tvärsnitt;sågat;63;100;;;;https://www.svenskttra.se/trafakta/allmant-om-tra/kvalitet-och-sortiment/virkessortiment/
tvärsnitt;sågat;63;125;;;;https://www.svenskttra.se/trafakta/allmant-om-tra/kvalitet-och-sortiment/virkessortiment/
tvärsnitt;sågat;63;150;;;;https://www.svenskttra.se/trafakta/allmant-om-tra/kvalitet-och-sortiment/virkessortiment/
tvärsnitt;sågat;63;175;;;;https://www.svenskttra.se/trafakta/allmant-om-tra/kvalitet-och-sortiment/virkessortiment/
tvärsnitt;sågat;63;200;;;;https://www.svenskttra.se/trafakta/allmant-om-tra/kvalitet-och-sortiment/virkessortiment/
tvärsnitt;sågat;63;225;;;;https://www.svenskttra.se/trafakta/allmant-om-tra/kvalitet-och-sortiment/virkessortiment/
tvärsnitt;sågat;75;75;;;;https://www.svenskttra.se/trafakta/allmant-om-tra/kvalitet-och-sortiment/virkessortiment/
tvärsnitt;sågat;75;150;;;;https://www.svenskttra.se/trafakta/allmant-om-tra/kvalitet-och-sortiment/virkessortiment/
tvärsnitt;sågat;75;175;;;;https://www.svenskttra.se/trafakta/allmant-om-tra/kvalitet-och-sortiment/virkessortiment/
tvärsnitt;sågat;75;200;;;;https://www.svenskttra.se/trafakta/allmant-om-tra/kvalitet-och-sortiment/virkessortiment/
tvärsnitt;sågat;75;225;;;;https://www.svenskttra.se/trafakta/allmant-om-tra/kvalitet-och-sortiment/virkessortiment/
tvärsnitt;sågat;100;100;;;;https://www.svenskttra.se/trafakta/allmant-om-tra/kvalitet-och-sortiment/virkessortiment/
tvärsnitt;sågat;100;200;;;;https://www.svenskttra.se/trafakta/allmant-om-tra/kvalitet-och-sortiment/virkessortiment/
tvärsnitt;sågat;125;125;;;;https://www.svenskttra.se/trafakta/allmant-om-tra/kvalitet-och-sortiment/virkessortiment/
tvärsnitt;sågat;150;150;;;;https://www.svenskttra.se/trafakta/allmant-om-tra/kvalitet-och-sortiment/virkessortiment/
hållfasthetsklass;;;;C14;T0;;https://www.svenskttra.se/trafakta/allmant-om-tra/kvalitet-och-sortiment/
hållfasthetsklass;;;;C18;T1;;https://www.svenskttra.se/trafakta/allmant-om-tra/kvalitet-och-sortiment/
hållfasthetsklass;;;;C24;T2;;https://www.svenskttra.se/trafakta/allmant-om-tra/kvalitet-och-sortiment/
hållfasthetsklass;;;;C30;T3;;https://www.svenskttra.se/trafakta/allmant-om-tra/kvalitet-och-sortiment/
hållfasthetsklass;;;;C35;;;https://www.svenskttra.se/trafakta/allmant-om-tra/kvalitet-och-sortiment/
längd;;;;;;3000;docs/Kravbild.docx (antagande: 3,0–5,4 m i 300 mm-steg; Svenskt Trä anger inga handelslängder)
längd;;;;;;3300;docs/Kravbild.docx (antagande: 3,0–5,4 m i 300 mm-steg; Svenskt Trä anger inga handelslängder)
längd;;;;;;3600;docs/Kravbild.docx (antagande: 3,0–5,4 m i 300 mm-steg; Svenskt Trä anger inga handelslängder)
längd;;;;;;3900;docs/Kravbild.docx (antagande: 3,0–5,4 m i 300 mm-steg; Svenskt Trä anger inga handelslängder)
längd;;;;;;4200;docs/Kravbild.docx (antagande: 3,0–5,4 m i 300 mm-steg; Svenskt Trä anger inga handelslängder)
längd;;;;;;4500;docs/Kravbild.docx (antagande: 3,0–5,4 m i 300 mm-steg; Svenskt Trä anger inga handelslängder)
längd;;;;;;4800;docs/Kravbild.docx (antagande: 3,0–5,4 m i 300 mm-steg; Svenskt Trä anger inga handelslängder)
längd;;;;;;5100;docs/Kravbild.docx (antagande: 3,0–5,4 m i 300 mm-steg; Svenskt Trä anger inga handelslängder)
längd;;;;;;5400;docs/Kravbild.docx (antagande: 3,0–5,4 m i 300 mm-steg; Svenskt Trä anger inga handelslängder)
